{
  "grid_sizes": [
    1024,
    896,
    768,
    640,
    512,
    384,
    256
  ],
  "harmonic_fractions": [
    1.0,
    0.875,
    0.75,
    0.625,
    0.5,
    0.375,
    0.25
  ],
  "musical_intervals": [
    "Unison (1/1)",
    "Minor seventh (7/8)",
    "Perfect fourth (3/4)",
    "Minor sixth (5/8)",
    "Octave (1/2)",
    "Perfect fifth + octave (3/8)",
    "Two octaves (1/4)"
  ],
  "power_law": {
    "coefficient": 0.20227160493827182,
    "exponent": 0.953445297804259,
    "r_squared": 0.9999999999999998
  },
  "guardian_scaling": {
    "density_1024": 0.0001850128173828125,
    "expected_at_256": 12.125
  },
  "critical_thresholds": {
    "stability_boundary": 768,
    "musical_interval": "Perfect fourth (3/4)",
    "energy_collapse_boundary": 256,
    "collapse_magnitude": -6.861323656308849
  }
}