series,level,vorticity,phi_ratio,energy
1,1,0.019450,1.000000,0.378302
1,2,0.031517,1.620411,0.993321
1,3,0.051611,2.653522,2.663695
